ID;userID;userName;email;phone;password;isDriver;isUser;carrierID
27cd8130-4722-4389-971a-a8766c307511;CARRIER001_ADMIN;Phillip Garcia;howardmaurice@yahoo.com;7816184959;pass4657;False;True;CARRIER001
0bbb2599-11ce-4dd2-b45e-d1f03139d32c;CARRIER001_USER1;Patricia Galloway;jamesshawn@martin-kelly.com;001-192-832-7648x350;pass3286;True;True;CARRIER001
ce177b4e-0837-48a3-9261-a7ab3aa2e4f9;CARRIER001_USER2;Derek Clark;dianafoster@hotmail.com;242.388.4969x653;pass9935;True;True;CARRIER001
827050a8-2369-4584-bf5e-9ff0ff50bde4;CARRIER001_USER3;Peter Callahan Jr.;ycarlson@carlson-mcdonald.com;+1-018-451-4627;pass7912;True;True;CARRIER001
bb5e4bcf-15ed-4269-9429-6c07f26b4776;CARRIER002_ADMIN;Mr. Philip Cannon;karroyo@rose-obrien.com;+1-346-578-7133;pass1434;False;True;CARRIER002
969b6662-0562-4059-968c-c69b1064005c;CARRIER002_USER1;Leah Smith;carlosjohnson@jones-young.info;829.973.7631;pass4257;False;True;CARRIER002
5ab33edf-6e59-4ed3-a8b3-17fa18d0752b;CARRIER002_USER2;John Daniel;powellmatthew@wright.net;262.473.1781x080;pass4611;False;True;CARRIER002
c0e9ab30-ed26-42e9-97e0-11b7f8102383;CARRIER002_USER3;Carol Tucker;kbarrera@smith-myers.info;687-234-3098x0500;pass5557;True;True;CARRIER002
eb5cf467-80ba-4d64-ba0e-cfea958ca9ba;CARRIER002_USER4;Brooke Yu;caseyjones@powell.com;001-909-169-9854;pass3615;False;True;CARRIER002
506e5a9a-b758-488d-ab73-295b344a54b8;CARRIER002_USER5;James Powers;wstewart@gmail.com;7991183842;pass6574;False;True;CARRIER002
81627cf1-4394-42e6-9a58-7e8aa25d6b29;CARRIER003_ADMIN;Taylor Mathis Jr.;bradley52@hotmail.com;278-680-1128x059;pass7224;False;True;CARRIER003
20a04502-6e06-4097-a5e9-79778d7248e2;CARRIER003_USER1;Jacob Fitzpatrick;jason31@deleon-henson.biz;+1-232-260-2563x421;pass2584;False;True;CARRIER003
dbccc477-09e9-4b0a-9f46-529061ee411a;CARRIER003_USER2;Curtis Sellers;lori33@gmail.com;+1-365-414-5868x50142;pass6635;False;True;CARRIER003
5380b904-688c-4015-aab9-7e494f2d4796;CARRIER004_ADMIN;Edward Martinez;lbyrd@hotmail.com;001-468-044-3699;pass2291;False;True;CARRIER004
7118e364-7709-4749-927e-ecfaa79ac9aa;CARRIER004_USER1;Daniel Kennedy;campbellelizabeth@rogers.com;320.037.9176;pass5803;False;True;CARRIER004
31c681ec-935f-4b0a-a138-4ddce2d9de5d;CARRIER004_USER2;Janet Ross;staffordmichelle@osborne.com;001-870-831-7278x895;pass4150;True;True;CARRIER004
714c7df4-e434-4d51-8158-1092f335cba3;CARRIER004_USER3;Michelle Wagner;juliawells@yahoo.com;001-348-734-7143x45581;pass1750;True;True;CARRIER004
620e99d3-3b33-43d8-a69c-d696236c7b87;CARRIER004_USER4;Michelle Brown;amy60@gmail.com;(690)967-0546x68893;pass5741;True;True;CARRIER004
6f92f25e-45df-46b6-b82c-043f7cfc9b79;CARRIER004_USER5;Mr. Michael Yates;ncalhoun@johnson.com;627-204-6537;pass4814;True;True;CARRIER004
e1301617-c2df-4335-9666-6f9f53ac2ab9;CARRIER004_USER6;Paul Decker;ruizkaitlyn@gmail.com;(310)033-0923x271;pass7227;False;True;CARRIER004
770c7798-37cc-463b-b2a0-345990604f62;CARRIER004_USER7;Pamela Jackson;tamirodriguez@hickman.biz;(319)314-9190x5865;pass8428;False;True;CARRIER004
575aed2c-a5c5-450c-8186-a57611a72609;CARRIER004_USER8;Jason Henry;cynthia72@yahoo.com;(849)877-6945;pass3664;False;True;CARRIER004
3d85de89-c217-4429-8e20-07247d137018;CARRIER005_ADMIN;Maria Henry;phillipsrichard@torres.com;885.685.5744x4313;pass2169;False;True;CARRIER005
892e6161-be2d-440a-9e9b-23bc50c7c006;CARRIER005_USER1;Melissa Lee;jenny89@yahoo.com;343-524-0824;pass3803;True;True;CARRIER005
8da8eee4-0df5-4ac6-b96b-648a0ba6eab9;CARRIER005_USER2;Tony Little;salasaudrey@yahoo.com;752.047.1167x1902;pass3677;False;True;CARRIER005
f2f9e5fa-9016-4161-8fa7-01cd2631d00b;CARRIER005_USER3;Xavier Wilson;kimberlyjames@yahoo.com;964-990-9133x4123;pass7216;False;True;CARRIER005
2812859a-1337-439e-8d4f-5d272c7f0b79;CARRIER005_USER4;Jerry Wheeler;halljasmine@hotmail.com;134.936.1832x421;pass4598;False;True;CARRIER005
4ebfa5c3-cae9-44a7-aa79-ea680f44704f;CARRIER005_USER5;Samantha Morse;harrisonkevin@yahoo.com;887-719-0659x401;pass1916;True;True;CARRIER005
d6016237-ac9e-4156-b63f-ce413a9aca5e;CARRIER005_USER6;Laurie Smith;hinesgregory@hotmail.com;+1-742-967-1756x5512;pass1525;False;True;CARRIER005
7ed70ed7-b194-490b-a961-929e546e035a;CARRIER005_USER7;Tony Cervantes;qmiller@wilson-barton.net;8760385977;pass7572;False;True;CARRIER005
6a5d932b-45ff-4c83-b495-db4e82456fb4;CARRIER006_ADMIN;Veronica Sanchez;mlee@francis.biz;840-449-9727x87558;pass4483;False;True;CARRIER006
749176f4-6090-4697-8b1e-3b9dc34b9fbb;CARRIER006_USER1;Sheila Pollard;xhall@williams-garner.biz;(270)289-5171x8702;pass9179;False;True;CARRIER006
f84f16b3-a79f-4faf-9ef5-768968f45bce;CARRIER006_USER2;John Costa;vsantos@hotmail.com;+1-657-809-1343;pass8517;True;True;CARRIER006
fa745761-6f18-4108-9723-199dbf2c14a0;CARRIER006_USER3;Mark Brennan;heatherberger@gmail.com;045-562-3869x22219;pass5339;True;True;CARRIER006
aee1e86b-9ea5-46aa-a1ee-6c5bdeef580f;CARRIER006_USER4;Thomas Thomas;steve07@yahoo.com;+1-821-759-4647x43671;pass5040;False;True;CARRIER006
5be4bf51-9269-4698-a1a1-17293cb98350;CARRIER006_USER5;Wendy Phillips;alan09@hotmail.com;439.533.9421x0470;pass8019;False;True;CARRIER006
21a4344f-bb7b-4e03-9d67-8bb1945ef2e4;CARRIER006_USER6;Edward Burgess;davidryan@schmidt-mcintyre.com;745-171-2368x516;pass6930;True;True;CARRIER006
7e1ca5a1-fef5-48a6-8dea-d6450986bbeb;CARRIER007_ADMIN;David Medina;vwatson@hotmail.com;+1-692-617-9640;pass3504;False;True;CARRIER007
71818dcf-379e-4c6e-9edb-0d3cb0b63bcf;CARRIER007_USER1;David Cox;bruce43@gmail.com;139.005.3293x183;pass3621;False;True;CARRIER007
bee3eb79-1d18-4ee9-86ad-8a8c6bc4123e;CARRIER008_ADMIN;Jerome Cox;ngordon@acosta.net;700-766-1771x1592;pass1188;False;True;CARRIER008
9fd34579-4667-42ce-a04e-178c10d08d11;CARRIER008_USER1;Kimberly Nguyen;bwagner@gmail.com;001-183-673-6576x615;pass2876;False;True;CARRIER008
4140752c-aa44-4259-9001-8b7b6d4067f4;CARRIER008_USER2;Christian Leblanc;deckerchristopher@garner.com;+1-098-851-6560;pass6573;True;True;CARRIER008
4ffca6b1-99b4-49d4-89a2-14aef7e8f8e5;CARRIER008_USER3;Kenneth Lewis;melaniebell@hotmail.com;(149)368-9980x940;pass5808;False;True;CARRIER008
c32d4526-b3e4-410a-85f5-0c522e2fbf77;CARRIER008_USER4;Gerald Smith;vjones@bonilla.biz;(752)545-9910x22901;pass3591;False;True;CARRIER008
6c8c3b6a-a974-4079-b16f-da0a45a88829;CARRIER008_USER5;Mr. Donald Fischer;russell49@rose-parker.com;(900)343-2445x1076;pass1053;False;True;CARRIER008
88575117-6155-4667-a112-507c2cfa55b0;CARRIER008_USER6;Kathryn Whitaker;sandersjudy@yahoo.com;7159696641;pass9201;True;True;CARRIER008
532401fc-f758-4ce2-8556-daea67b03283;CARRIER008_USER7;Travis Stevens;kimdaniel@yahoo.com;001-681-645-3521;pass9317;True;True;CARRIER008
87d5b7be-1d30-4990-a21b-030782af085c;CARRIER008_USER8;Susan Bailey;curtisscott@morrison.com;(779)979-9552;pass5889;True;True;CARRIER008
9ae1a991-524f-43ff-b030-7633a6ded1d8;CARRIER009_ADMIN;Chris Brown;toni18@thompson.info;892.554.6659x05151;pass9005;False;True;CARRIER009
48bddb3e-62f5-4f2b-adaa-44ca8ed6ad5e;CARRIER009_USER1;Samuel Brandt;christopher25@ponce-hale.biz;(914)865-2816;pass1319;True;True;CARRIER009
5cd33369-04aa-41b7-9ca0-c428822c4d32;CARRIER009_USER2;Trevor Peterson;jeremytaylor@gmail.com;188-805-9296x2229;pass6947;False;True;CARRIER009
0d5ba7cd-4000-45f0-9f7d-0dd7236e1608;CARRIER010_ADMIN;Shelly Spencer;mitchellkathryn@cole-palmer.biz;375-060-6853;pass8962;False;True;CARRIER010
49c10669-c6b3-4fe6-9c76-bdf66c5a6c93;CARRIER011_ADMIN;Bryan Allen;rodriguezrebecca@hotmail.com;+1-089-324-6095;pass3705;False;True;CARRIER011
2ff3cde4-6aa4-4c9f-9217-04753d959e3f;CARRIER011_USER1;Angela Villegas;myerstheodore@hughes.com;531-952-0585;pass5342;False;True;CARRIER011
d49405f0-2cd2-4404-a48e-40f1d0421dfa;CARRIER011_USER2;Julie Dominguez;bryanparsons@johnson-harris.com;5486874034;pass4470;True;True;CARRIER011
0c3ce284-c7e5-4bbb-9cb5-1c535b62a8df;CARRIER011_USER3;Evelyn Martinez;vpreston@yahoo.com;(527)758-4161x6928;pass6107;False;True;CARRIER011
147f6570-1a43-4b54-923a-e9934b3446bc;CARRIER011_USER4;Edward Griffin;hannahbell@gmail.com;001-596-401-6582x0297;pass7118;False;True;CARRIER011
3c6a3174-1136-44a5-a050-9c6208e895d7;CARRIER011_USER5;Holly Reyes;erikarush@wallace-jones.com;565.431.0278x68144;pass9479;False;True;CARRIER011
ff11c8ba-36ee-4640-b23e-f466b43bd27f;CARRIER011_USER6;Melissa Lutz;taylorcharles@roach.com;+1-551-884-4225x83132;pass2982;True;True;CARRIER011
06ba8cd3-7e78-48c9-8a55-e38b3c9abe10;CARRIER011_USER7;Kenneth Mcdonald;jonesraymond@higgins.org;251-778-5289;pass4681;True;True;CARRIER011
21084dd9-f75d-4e3c-848d-56502e9522d6;CARRIER011_USER8;Thomas Brown;kevinmartin@perez.com;438-424-9818;pass6539;True;True;CARRIER011
f10d27c8-9780-4215-ab2b-b8e9a417c093;CARRIER011_USER9;Carolyn Weber;bryananthony@gmail.com;+1-943-969-0784x4736;pass4770;True;True;CARRIER011
6257a4a2-f204-4e89-8a4b-55630cf477ef;CARRIER012_ADMIN;Jennifer Estes;sarah53@jimenez.info;470.168.7339x5004;pass1514;False;True;CARRIER012
f99f0704-20f0-456a-9e6a-66289c6d52d5;CARRIER013_ADMIN;Jake Hatfield;jameshicks@hotmail.com;0025787298;pass8953;False;True;CARRIER013
9cf20859-ee6e-4e72-93f5-91dc23c8afdb;CARRIER013_USER1;James Jensen;william88@yahoo.com;001-947-055-1694x097;pass4510;True;True;CARRIER013
c86c6544-a7d4-4f50-b791-f1e543f9cd6b;CARRIER013_USER2;Laura Perez;ojackson@harvey.com;9130756263;pass8744;True;True;CARRIER013
9c89d374-c664-45a7-8077-3e33690e7e62;CARRIER013_USER3;Shelley Fitzgerald;aprilhoffman@mendoza.info;+1-585-497-3348;pass8749;False;True;CARRIER013
f910abb3-f105-4252-b990-e2c94c6a70f4;CARRIER013_USER4;Dr. Michele Vaughn;timothy84@yahoo.com;986-652-4041;pass4119;True;True;CARRIER013
a7edc8d8-713f-4f8c-ac8b-e53758ab4778;CARRIER013_USER5;John Harris;derrick99@gmail.com;083.301.6571;pass2588;False;True;CARRIER013
01539221-2331-4a28-8550-eca8ae62990c;CARRIER013_USER6;Vanessa Moore;wsantos@yahoo.com;401-938-0262x06724;pass6804;False;True;CARRIER013
e5a4983b-a383-489a-9b2c-6ac89c678393;CARRIER014_ADMIN;Jeffrey Murphy;lopezdonald@yahoo.com;046.374.5499;pass7596;False;True;CARRIER014
cd4f8b2b-899a-4252-81e1-b94a78883058;CARRIER015_ADMIN;Colleen Wright;xrice@stark.com;+1-839-822-5871;pass9786;False;True;CARRIER015
95492a82-b787-4f8d-b495-311eae27d432;CARRIER015_USER1;Steven Griffin Jr.;dbryant@ford.biz;039-106-5180x170;pass8350;True;True;CARRIER015
c4db5a62-2e13-418d-a8ab-80ea497ec6d1;CARRIER015_USER2;Martin Daniel;victoria67@yahoo.com;(182)512-8682x3004;pass7912;True;True;CARRIER015
3ea6e5b2-0c76-4d28-9f49-5037b40a9181;CARRIER016_ADMIN;Jennifer Young;taylorvictoria@cabrera.org;995-342-8364x40892;pass8260;False;True;CARRIER016
8e4c3ab5-6d5d-4477-adc2-9178a0411612;CARRIER016_USER1;William David DDS;trussell@yahoo.com;(873)342-7086;pass2604;True;True;CARRIER016
87ad8b26-8eaa-4841-aaa0-426df7c0d5f7;CARRIER016_USER2;David Harris;fboone@hardy.org;+1-013-983-7354x033;pass9856;True;True;CARRIER016
bf337a15-1e08-4f20-bdd1-51b0f64ab6ec;CARRIER016_USER3;Mrs. Dana Munoz MD;kimberly67@wong.info;175.355.6093x204;pass2528;True;True;CARRIER016
8ac97b01-e3ad-44d4-aab9-eb022f1dc121;CARRIER017_ADMIN;Tina Warren DVM;duranrobert@hall.net;509.977.0088x600;pass7570;False;True;CARRIER017
892621df-4655-48b7-b8e1-9f568787ea21;CARRIER017_USER1;Alicia Li;danieldavis@gmail.com;398.454.6156;pass1960;True;True;CARRIER017
fd7fe973-3e42-4f5b-90a3-fbbf7580e050;CARRIER017_USER2;Elizabeth Clayton;davisnicholas@alvarez.com;659.180.3397x4014;pass7209;True;True;CARRIER017
a879d8f8-9042-4eb7-8b04-0f53e63949d4;CARRIER017_USER3;Timothy Edwards;karenmarquez@hickman-evans.org;968.562.1850;pass7396;False;True;CARRIER017
d6b361e4-3b6d-4a0d-afe5-040b1901ef87;CARRIER017_USER4;Larry Austin;anthony47@yahoo.com;586.629.6194;pass8454;False;True;CARRIER017
12d15585-b68e-47fa-bf17-5534cc4d5819;CARRIER017_USER5;Christian Dawson;gstewart@smith.info;(412)126-7888x610;pass7930;False;True;CARRIER017
17d30f32-8de1-496c-9a9a-206a16f142a2;CARRIER017_USER6;Rachel Shields;robert18@armstrong.biz;(244)472-1264;pass3536;True;True;CARRIER017
c85cd714-7bf6-4552-8cbc-90446bcd5ce7;CARRIER017_USER7;David Wright;stephentaylor@gmail.com;(596)575-6924x5937;pass5861;True;True;CARRIER017
23a13e20-7fd2-45ee-ac48-436668bd80d7;CARRIER018_ADMIN;Dana Hopkins;mjones@yahoo.com;001-688-680-5891;pass1821;False;True;CARRIER018
a85894df-3f8c-4097-84da-2c2e1bffa279;CARRIER018_USER1;Carol Salazar;tammy61@gmail.com;438-889-9375;pass8811;True;True;CARRIER018
adf75924-c5b8-486b-b68b-4f7e64215e66;CARRIER018_USER2;Kathryn Cooper;agarcia@wilson.com;(457)387-5717x751;pass1931;True;True;CARRIER018
979aa051-7317-491a-b283-daa4e212ab7c;CARRIER019_ADMIN;Aaron Lewis;raylauren@hotmail.com;(553)714-7859;pass2964;False;True;CARRIER019
9645f0e4-647d-4392-9c7e-b575637ddcd6;CARRIER019_USER1;Harold Ellis;samantha91@anderson.com;(286)692-9662x782;pass5033;True;True;CARRIER019
49f1137d-7d59-4e19-aab7-b2ef8e0ec033;CARRIER019_USER2;Ernest Hayes;stephanie72@ochoa.net;+1-767-677-2190x3404;pass2343;False;True;CARRIER019
2b0fbe44-49e6-4c22-89a0-b7eb398f569b;CARRIER019_USER3;Krystal Barton;armstrongjoseph@hotmail.com;(807)836-1340x745;pass9565;False;True;CARRIER019
c0062b5b-f678-49b2-a2b5-f4571860ad28;CARRIER020_ADMIN;Tamara Riddle;johndawson@juarez.biz;294.667.1168x4577;pass5351;False;True;CARRIER020
de70bd30-00a2-4367-94fb-09f053c93ae7;CARRIER020_USER1;Morgan Simon;melissa86@gmail.com;(374)545-8929x75001;pass7484;True;True;CARRIER020
75a72686-d632-4d31-88ac-ffcfa04d4d14;CARRIER020_USER2;Timothy Moore;braunronald@hotmail.com;(424)154-1520;pass5915;False;True;CARRIER020
b9da5f8c-4e35-4a80-a027-9a186576a410;CARRIER020_USER3;Cynthia Rios;lewischristian@perez.com;627-136-1115;pass6180;True;True;CARRIER020
231ae7c7-4c9b-4f5c-a188-7eaf5e1885c3;CARRIER020_USER4;Robert Baxter;morenoalan@martin.com;(973)112-1965x65234;pass1152;False;True;CARRIER020
8dab66d3-3f87-4fc2-9591-52f2a505da9c;CARRIER020_USER5;Michelle Mitchell;jamie98@adkins.com;761.379.1805;pass2638;True;True;CARRIER020
271610c1-9db5-4283-89a3-c811895c4fde;CARRIER021_ADMIN;Eric Dixon;amandamyers@hines.com;001-630-316-1799x042;pass6718;False;True;CARRIER021
23204ff5-b538-496c-833e-02f71e93d127;CARRIER021_USER1;Carla Benton;nathanbrady@yahoo.com;001-105-648-1491x7785;pass2127;True;True;CARRIER021
911f730b-dbff-40b0-bfe6-70f30e3141ec;CARRIER021_USER2;Christopher Ayala;joycesmith@sanchez.com;(220)863-5365x4195;pass7054;False;True;CARRIER021
e6e59b32-ac5f-42ef-8085-c1471e910f36;CARRIER021_USER3;Daniel Black;djones@ayala-collins.com;+1-705-349-4937;pass3584;False;True;CARRIER021
7e4ce29f-f8cb-4b4c-9779-0e845e472e22;CARRIER021_USER4;Dr. Morgan Payne PhD;randolphandrew@reed.com;6413836702;pass9900;False;True;CARRIER021
c7a9f33c-22d8-49d3-b3e4-f986f18cccdc;CARRIER022_ADMIN;Ashley Garcia;hedwards@hotmail.com;(374)741-1249x035;pass3200;False;True;CARRIER022
3f8b4433-b60e-495c-9759-ba9625f88c74;CARRIER022_USER1;Jennifer Williams;lori20@yahoo.com;883.171.2100x323;pass5333;True;True;CARRIER022
afb06406-5f4b-4a97-a68c-879bd2dc42c8;CARRIER022_USER2;Maria Aguilar;johnsoncaleb@hotmail.com;215.107.0296x670;pass2753;True;True;CARRIER022
a1791e93-3fc8-45ac-869b-c00fcc152a1b;CARRIER023_ADMIN;Kimberly Smith MD;fstephens@yahoo.com;001-856-420-5930;pass4335;False;True;CARRIER023
47eb340d-c74e-48ff-8f89-569de550d736;CARRIER023_USER1;William Moreno;craigsandoval@ferguson-moody.com;001-396-522-3955x90599;pass5325;False;True;CARRIER023
303014d0-f2c8-4743-9027-e7702460d0d2;CARRIER023_USER2;Rita Waller;tracydavis@gmail.com;+1-308-705-9325x250;pass5114;True;True;CARRIER023
b466fab6-962c-44dd-a5d0-7461059c1574;CARRIER023_USER3;Patricia Mathis;brookssheri@yahoo.com;001-154-522-6752;pass2512;False;True;CARRIER023
b18d2c8c-8fdd-4ebc-b7ff-88d4b509f08a;CARRIER023_USER4;Lisa Kelly;sparker@anderson-daniel.org;(902)959-3917x2513;pass5533;True;True;CARRIER023
2afaab7b-51cb-49e5-bb7d-3ba158c88c48;CARRIER023_USER5;Tracey Underwood;nsmith@gmail.com;001-154-100-6762x676;pass1058;False;True;CARRIER023
2a3d418d-a754-429f-b143-e5456e6b34b9;CARRIER024_ADMIN;Jessica Brown;terriortiz@hotmail.com;001-844-431-0698x7205;pass8007;False;True;CARRIER024
4b6797a1-166e-4fe3-ad77-959500fa0eb4;CARRIER024_USER1;Lori Castillo;clarkdanielle@wells.com;(774)186-2565x2704;pass1158;True;True;CARRIER024
39eb038a-436e-4c49-b70e-09db7092d401;CARRIER024_USER2;Kristy Hernandez;barnettlindsey@arellano-lawrence.net;6868793741;pass2232;True;True;CARRIER024
b6dcbd05-da9b-4cc1-a71c-681a6511e61a;CARRIER024_USER3;Kenneth Black;averyshane@stanton.com;6163294511;pass9938;True;True;CARRIER024
8d536c75-65b9-4e94-8e6d-e263635a775d;CARRIER024_USER4;Donald Ellis;jrodriguez@knight.com;914-856-4679;pass7049;True;True;CARRIER024
2c154804-0997-49a3-b919-955c9be4f19f;CARRIER024_USER5;Charles Franklin;fosternatasha@hotmail.com;074.505.4447;pass8041;True;True;CARRIER024
1924c644-af52-4666-b239-09f4dbb54645;CARRIER024_USER6;Crystal Turner;joseph69@hotmail.com;373-678-5082;pass1685;False;True;CARRIER024
81bd55d5-b5a6-471c-8fa5-c35e10cc4604;CARRIER024_USER7;Richard Warren;jameswhitaker@wright.com;(345)786-1035x797;pass6974;True;True;CARRIER024
797e3984-ded7-43ef-b5e4-a9c12d761ffa;CARRIER024_USER8;Hannah Martin;mitchellpaul@gmail.com;001-333-346-8007;pass6862;True;True;CARRIER024
2c56e0cd-a5ba-4472-a1df-5609e959137f;CARRIER024_USER9;Alejandra King;rodney65@yahoo.com;374-896-9108x589;pass5088;True;True;CARRIER024
b69f5eab-b9ff-4c29-97d9-cbb0309e47ba;CARRIER025_ADMIN;Joseph Glover;megan82@yahoo.com;724-825-1353;pass3900;False;True;CARRIER025
6ba4170b-4e9d-43e9-9f16-2ec3be848aa2;CARRIER025_USER1;Erin Green;eyork@gmail.com;+1-999-173-8168x4602;pass7755;True;True;CARRIER025
57b936b0-3346-4332-be0a-824e232a5e82;CARRIER025_USER2;Keith Knox;lesliebaldwin@gmail.com;525.007.4329x2712;pass3938;False;True;CARRIER025
6dedcba5-a22c-4d4f-af07-b60f9d4e8b5d;CARRIER025_USER3;Vincent Reyes;jessicadodson@sherman-schmidt.com;+1-033-542-1689x42104;pass7745;True;True;CARRIER025
a976dc4d-0c47-4187-bea3-5d37980b6853;CARRIER026_ADMIN;Russell Williams;hwallace@king.com;618-499-2618x9141;pass8711;False;True;CARRIER026
f30ee4fe-262e-4559-be7d-9a19ab450578;CARRIER027_ADMIN;Jorge Cummings;dawn74@marshall-garcia.com;4556110022;pass4728;False;True;CARRIER027
700e0efc-e4ff-431a-9b86-ea6954231dbe;CARRIER027_USER1;Debra Quinn;ian66@yahoo.com;676-212-0216x979;pass4652;True;True;CARRIER027
9c7faca6-2e67-4784-b02b-7014adab2c2f;CARRIER027_USER2;Ian Johnson;hknapp@alexander-brown.com;8993588916;pass4164;False;True;CARRIER027
7b5fbe41-3fa2-4de0-ba05-dd0fa9660a5a;CARRIER027_USER3;Michael Cruz;schneidereric@christian-booth.com;001-753-540-8386x63177;pass6378;False;True;CARRIER027
1688782f-72b6-46ca-92b2-6acdcd1f75a3;CARRIER027_USER4;Jillian Wilson;garciarobert@hotmail.com;+1-019-948-8375;pass2137;False;True;CARRIER027
9c60c81b-4119-4aa7-9b61-d45368c2094d;CARRIER028_ADMIN;Bryan Phelps;msummers@morgan.org;779-827-0808;pass2889;False;True;CARRIER028
95ca788d-d6bc-4712-aecc-a931ef705d01;CARRIER028_USER1;Mr. Thomas Thompson;dalesandoval@andrade.org;001-346-547-2269x848;pass5279;True;True;CARRIER028
bca0258e-b63d-45d5-905c-7527dc57546d;CARRIER028_USER2;Mackenzie Harris;samantha22@hotmail.com;+1-515-879-9684;pass5349;True;True;CARRIER028
ceed0ffc-6c21-435d-98e8-b97ce0a25901;CARRIER028_USER3;Brian James;gonzalezkaren@terrell.com;(043)805-7198;pass2776;False;True;CARRIER028
a5a99ebc-be0e-42da-b96c-357bdd664071;CARRIER028_USER4;Cynthia Mueller;housepaul@hotmail.com;800-439-7359x89334;pass6663;False;True;CARRIER028
aec2bb19-fbc3-48d8-ad6b-c88272e588e9;CARRIER028_USER5;Victor Moss;rwilliams@baker.com;720-259-0947x98515;pass8149;True;True;CARRIER028
2f120b9e-f4fd-45b7-b84f-6e3b86804a8a;CARRIER028_USER6;Rachel Moore;baileynicole@hotmail.com;554-398-7801x57399;pass7311;True;True;CARRIER028
aebbaf9c-0a35-453c-b57a-431e3e6b74fd;CARRIER028_USER7;Jane Hogan;uscott@johnson-black.com;877.043.5811x28801;pass5173;True;True;CARRIER028
c6097cd8-a127-4c6b-ab9b-153d35f5c654;CARRIER028_USER8;Michael Houston;elucas@parks.com;102-481-9346;pass8144;True;True;CARRIER028
cc27f386-cbf9-45b5-a418-16b7bf2b43b4;CARRIER029_ADMIN;Elizabeth Walters;susan08@hotmail.com;(100)996-8814;pass6409;False;True;CARRIER029
e74ed0b3-bdce-435f-bf90-5d6a35c606b5;CARRIER029_USER1;Christine Whitehead;jackjensen@lee-white.org;8781414139;pass6143;True;True;CARRIER029
5b6d6b7c-54b2-4582-b398-1e9e7cb882a0;CARRIER029_USER2;Matthew Garcia;louishayes@hopkins.org;(562)053-3645x257;pass5920;False;True;CARRIER029
e4354021-392a-4fc4-a47a-c5915da64a3a;CARRIER030_ADMIN;Morgan Carter;sanderswayne@hotmail.com;928.272.2992;pass3085;False;True;CARRIER030
f06dca24-7bc6-4121-bb64-a525bc653d94;CARRIER030_USER1;Daniel Freeman;mike03@velez.info;0518449892;pass4143;False;True;CARRIER030
5d8416e0-60e6-46ff-a757-43f9606cc2f5;CARRIER030_USER2;Stephanie Miller;okaufman@hotmail.com;(557)790-8272x3184;pass7211;True;True;CARRIER030
28489240-2fd9-4ce1-a676-27ca3625fc20;CARRIER030_USER3;Mitchell Wilson;ushepherd@olson.info;926.030.2992;pass5930;False;True;CARRIER030
0a086989-833c-4f55-a129-8fa2227d4660;CARRIER030_USER4;Bridget Jackson;kgreene@smith.com;379-772-3692;pass9977;True;True;CARRIER030
c47a3b7e-d209-483b-9528-4c0acb6bf562;CARRIER030_USER5;Matthew Baker;ecarlson@gmail.com;(621)038-8629x1279;pass5978;False;True;CARRIER030
c8ab96ac-e0b4-459a-89fe-4cdd998d65ba;CARRIER030_USER6;Nicole Davis;princekimberly@reynolds.net;(376)599-1624x73149;pass4443;False;True;CARRIER030
41ff81d1-689d-4205-8b31-f4d8e073c1d0;CARRIER030_USER7;Michael Clarke;brooksjamie@ortiz-rodriguez.biz;+1-944-869-5946x3688;pass6279;False;True;CARRIER030
8f20c5e7-5ec6-46eb-adc0-91587b8301cf;CARRIER030_USER8;Dawn Parker;qfitzgerald@gmail.com;001-372-138-6589x0260;pass8238;False;True;CARRIER030
